legajo;area;rol;clave;activo
320001;HCD;area;9rcs-aa6r-bt63;1
320002;Economía y Finanzas;area;hetj-ge56-khzw;1
320003;Salud;area;uwqp-3va5-6nxf;1
320004;Obras y Serv. Púb.;area;kn4a-bvma-4v7g;1
320005;Educación y Des. De la Com.;area;kp8x-bwjz-y8s6;1
320006;Servicios de la Deuda;area;mebs-2quk-u8ry;1
320007;Legal y Técnica;area;9b4g-7ex5-xv4g;1
320008;Planificación Estratégica;area;xtdu-8nbj-cmux;1
320009;Mujeres, GyD;area;4q9y-48z7-qerh;1
320010;Actividad Central de Jefatura;area;2wmy-qzqk-huwy;1
320011;Políticas Ambientales;area;sybq-9rfu-7v48;1
320012;Atención a la Ciudadanía;area;h29e-967x-7ehx;1
320013;Cultura;area;tjpp-9p9e-jgmn;1
320014;Deportes;area;je32-xvyh-uk49;1
320015;Presupuesto Participativo;area;9w8q-fu3h-yp62;1
320016;Usuarios y Consumidores;area;y2qu-wxkz-zuss;1
320017;Resolución Alternativa de Conflictos;area;q8v5-92e8-66g6;1
320018;Control Comunal;area;ysn8-ygmp-r34x;1
320019;Seguridad Ciudadana;area;v99f-bahu-abpp;1
320020;Desarrollo Local, Empleo y E.S.;area;x7d2-635e-vh5q;1
320021;Desarrollo Productivo;area;aagb-3kvj-v5s9;1
320022;Tránsito y Transporte;area;u55h-5x3j-apz9;1
310019;Subsecretaría de Planificación Presupuestaria y Estadística;admin;hpr2-emjj-bn4f;1
305122;Subsecretaría de Administración;responsable;dv9f-nq6r-ut35;1
298447;Dirección de Compras;compras;927j-g2me-dj6g;1
250033;Subsecretaría de Planificación Presupuestaria y Estadística;direccion_compras;gvzh-sjkg-xsma;1
312890;Secretaría de Economía;area;cc38-99za-c6ut;1
999999;Secretaría de Testeo (ejemplo);area;wvrr-rrrg-8kw6;0
